{
    "swot_cluster_dict": {
        "s": {
            "0": [
                [
                    0.5179033671758921,
                    -0.0814157042506766,
                    9.259172638254119e-17
                ]
            ],
            "1": [
                [
                    -0.37275204581880084,
                    -0.23718318362693852,
                    9.259172638254123e-17
                ],
                [
                    -0.14515132135709125,
                    0.3185988878776152,
                    9.259172638254117e-17
                ]
            ]
        },
        "w": {
            "0": [
                [
                    -0.5359979780503998,
                    -0.47165607922863295,
                    7.883635986850234e-17
                ],
                [
                    -0.15779947046696027,
                    0.681120934350085,
                    7.883635986850235e-17
                ]
            ],
            "1": [
                [
                    0.69379744851736,
                    -0.20946485512145221,
                    7.883635986850234e-17
                ]
            ]
        },
        "o": {
            "0": [
                [
                    -0.7130200871245825,
                    -0.34967639873332457,
                    1.6885786058267908e-16
                ],
                [
                    -0.003357620236479169,
                    0.6944589962000425,
                    1.688578605826792e-16
                ]
            ],
            "1": [
                [
                    0.7163777073610614,
                    -0.3447825974667181,
                    1.6885786058267918e-16
                ]
            ]
        },
        "t": {
            "0": [
                [
                    -0.012461771307816779,
                    0.5805625288253116,
                    1.2196154773205732e-16
                ],
                [
                    -0.6118555714965358,
                    -0.29906017881097086,
                    1.2196154773205725e-16
                ]
            ],
            "1": [
                [
                    0.6243173428043524,
                    -0.28150235001434076,
                    1.219615477320573e-16
                ]
            ]
        }
    },
    "geo_cluster_dict": {
        "3": 2,
        "1": 1
    },
    "continent_sentiment_dict": {
        "1": {
            "X": [
                "2024-02-22"
            ],
            "Y": [
                2
            ]
        },
        "3": {
            "X": [
                "2024-02-22",
                "2024-02-22"
            ],
            "Y": [
                9,
                3
            ]
        }
    },
    "work_on_weakness": [
        "Improvement 1: Invest in efficient logistics and delivery systems to reduce delivery time.",
        "Improvement 2: Introduce measures such as insulated packaging to ensure that food stays hot until it reaches the customer."
    ],
    "work_on_threats": [
        "Suggestion 1: Improve logistics and delivery operations to assure timely delivery of orders.",
        "Suggestion 2: Implement measures to maintain food temperature and ensure that food is delivered hot."
    ]
}